{"stats":{"minecraft:mined":{"minecraft:oak_sapling":2,"minecraft:lily_of_the_valley":1,"minecraft:crafting_table":1,"minecraft:granite":18,"minecraft:grass_block":4,"minecraft:copper_ore":169,"minecraft:lapis_ore":15,"minecraft:sugar_cane":1,"minecraft:diorite":4,"minecraft:deepslate_copper_ore":3,"minecraft:iron_ore":109,"minecraft:andesite":2,"minecraft:bee_nest":1,"minecraft:grass":4,"minecraft:coal_ore":107,"minecraft:deepslate_iron_ore":7,"minecraft:gravel":1,"minecraft:dirt":5,"minecraft:stone":7149,"minecraft:deepslate":128,"minecraft:oak_leaves":2},"minecraft:killed_by":{"minecraft:player":2},"minecraft:dropped":{"minecraft:gravel":1,"minecraft:stone_axe":1,"minecraft:raw_copper":170,"minecraft:birch_sapling":4,"minecraft:raw_iron":1,"minecraft:cobblestone":129,"minecraft:granite":18,"minecraft:wooden_axe":1,"minecraft:stone_pickaxe":6,"minecraft:iron_pickaxe":37},"minecraft:killed":{"minecraft:creeper":1,"minecraft:skeleton":1,"minecraft:bee":1},"minecraft:used":{"minecraft:stone_pickaxe":917,"minecraft:chest":2,"minecraft:wooden_pickaxe":7,"minecraft:torch":5,"minecraft:dirt":7,"minecraft:crafting_table":2,"minecraft:wooden_axe":2,"minecraft:apple":30,"minecraft:iron_pickaxe":6799,"minecraft:cobblestone":29},"minecraft:crafted":{"minecraft:oak_planks":24,"minecraft:crafting_table":1,"minecraft:copper_ingot":59,"minecraft:stone_axe":1,"minecraft:air":0,"minecraft:iron_ingot":19,"minecraft:iron_pickaxe":1,"minecraft:stone_pickaxe":9,"minecraft:wooden_axe":1,"minecraft:chest":2,"minecraft:torch":84},"minecraft:custom":{"minecraft:interact_with_furnace":11,"minecraft:mob_kills":3,"minecraft:interact_with_crafting_table":6,"minecraft:leave_game":2,"minecraft:time_since_death":28565,"minecraft:time_since_rest":28618,"minecraft:sprint_one_cm":25028,"minecraft:damage_taken":921,"minecraft:walk_one_cm":72348,"minecraft:drop":57,"minecraft:damage_dealt":910,"minecraft:swim_one_cm":1212,"minecraft:player_kills":1,"minecraft:fly_one_cm":55111,"minecraft:open_chest":30,"minecraft:crouch_one_cm":24284,"minecraft:play_time":42680,"minecraft:deaths":2,"minecraft:sneak_time":7932,"minecraft:walk_under_water_one_cm":3445,"minecraft:jump":561,"minecraft:walk_on_water_one_cm":4360,"minecraft:total_world_time":42680,"minecraft:fall_one_cm":11997},"minecraft:broken":{"minecraft:stone_pickaxe":7,"minecraft:iron_pickaxe":27,"minecraft:wooden_pickaxe":1},"minecraft:picked_up":{"minecraft:stripped_oak_log":1,"minecraft:birch_log":12,"minecraft:crafting_table":1,"minecraft:oak_log":155,"minecraft:gunpowder":2,"minecraft:lapis_lazuli":77,"minecraft:dirt":14,"minecraft:raw_copper":229,"minecraft:bone":1,"minecraft:apple":7,"minecraft:wheat_seeds":2,"minecraft:stone_pickaxe":6,"minecraft:iron_pickaxe":37,"minecraft:birch_sapling":8,"minecraft:oak_planks":5,"minecraft:stick":65,"minecraft:raw_iron":108,"minecraft:torch":1,"minecraft:gravel":1,"minecraft:porkchop":4,"minecraft:diorite":4,"minecraft:arrow":2,"minecraft:stone_axe":1,"minecraft:granite":18,"minecraft:oak_sapling":63,"minecraft:mutton":3,"minecraft:coal":83,"minecraft:white_wool":2,"minecraft:cobblestone":1360}},"DataVersion":3463}