{"stats":{"minecraft:mined":{"minecraft:tuff":6,"minecraft:oak_sapling":15,"minecraft:granite":2,"minecraft:grass_block":7,"minecraft:cobblestone":1,"minecraft:diorite":6,"minecraft:wall_torch":2,"minecraft:birch_sapling":1,"minecraft:iron_ore":9,"minecraft:andesite":1,"minecraft:grass":8,"minecraft:coal_ore":42,"minecraft:oak_log":14,"minecraft:dirt":7,"minecraft:stripped_oak_log":3,"minecraft:stone":1945,"minecraft:oak_leaves":7,"minecraft:deepslate":748},"minecraft:killed_by":{"minecraft:player":1},"minecraft:dropped":{"minecraft:iron_sword":1,"minecraft:oak_log":124,"minecraft:cobbled_deepslate":109,"minecraft:crafting_table":1,"minecraft:birch_sapling":23,"minecraft:cobblestone":64,"minecraft:stripped_oak_log":1,"minecraft:stick":10,"minecraft:oak_sapling":8,"minecraft:stone_pickaxe":11},"minecraft:killed":{"minecraft:pig":3,"minecraft:sheep":1},"minecraft:used":{"minecraft:stone_pickaxe":2735,"minecraft:chest":2,"minecraft:wooden_pickaxe":43,"minecraft:torch":43,"minecraft:dirt":17,"minecraft:crafting_table":3,"minecraft:wooden_axe":37,"minecraft:apple":8,"minecraft:stone_axe":2,"minecraft:cobblestone":9,"minecraft:furnace":2,"minecraft:cooked_porkchop":4,"minecraft:stripped_oak_log":1},"minecraft:crafted":{"minecraft:oak_planks":60,"minecraft:cooked_porkchop":4,"minecraft:crafting_table":3,"minecraft:wooden_pickaxe":1,"minecraft:iron_sword":1,"minecraft:furnace":2,"minecraft:stone_axe":1,"minecraft:air":0,"minecraft:stick":28,"minecraft:iron_ingot":9,"minecraft:stone_pickaxe":3,"minecraft:wooden_axe":5,"minecraft:chest":2,"minecraft:torch":64},"minecraft:broken":{"minecraft:stone_axe":1,"minecraft:wooden_axe":1,"minecraft:stone_pickaxe":20},"minecraft:custom":{"minecraft:interact_with_furnace":4,"minecraft:mob_kills":5,"minecraft:interact_with_crafting_table":14,"minecraft:leave_game":6,"minecraft:time_since_death":59097,"minecraft:time_since_rest":59861,"minecraft:sprint_one_cm":111869,"minecraft:damage_taken":489,"minecraft:walk_one_cm":77226,"minecraft:drop":16,"minecraft:damage_dealt":882,"minecraft:swim_one_cm":7553,"minecraft:fly_one_cm":60854,"minecraft:player_kills":2,"minecraft:open_chest":2,"minecraft:crouch_one_cm":31274,"minecraft:play_time":79753,"minecraft:deaths":1,"minecraft:sneak_time":16935,"minecraft:walk_under_water_one_cm":2295,"minecraft:jump":657,"minecraft:walk_on_water_one_cm":4430,"minecraft:total_world_time":79753,"minecraft:fall_one_cm":9754},"minecraft:picked_up":{"minecraft:wooden_axe":1,"minecraft:stripped_oak_log":3,"minecraft:birch_log":44,"minecraft:crafting_table":1,"minecraft:oak_log":521,"minecraft:dirt":32,"minecraft:apple":31,"minecraft:wheat_seeds":5,"minecraft:cobbled_deepslate":146,"minecraft:stone_pickaxe":9,"minecraft:iron_sword":1,"minecraft:birch_sapling":27,"minecraft:oak_planks":2,"minecraft:stick":189,"minecraft:raw_iron":9,"minecraft:torch":6,"minecraft:porkchop":8,"minecraft:lily_of_the_valley":8,"minecraft:oak_sapling":262,"minecraft:mutton":6,"minecraft:coal":42,"minecraft:white_wool":4,"minecraft:cobblestone":942}},"DataVersion":3463}