{"stats":{"minecraft:dropped":{"minecraft:iron_ingot":2,"minecraft:iron_sword":1,"minecraft:porkchop":8,"minecraft:wheat_seeds":1,"minecraft:oak_log":188,"minecraft:cobbled_deepslate":109,"minecraft:crafting_table":1,"minecraft:birch_sapling":62,"minecraft:cobblestone":64,"minecraft:oak_planks":2,"minecraft:stripped_oak_log":1,"minecraft:apple":52,"minecraft:stick":10,"minecraft:dirt":1,"minecraft:ink_sac":1,"minecraft:oak_sapling":156,"minecraft:stone_pickaxe":11},"minecraft:killed_by":{"minecraft:player":1},"minecraft:broken":{"minecraft:iron_shovel":2,"minecraft:iron_axe":4,"minecraft:stone_axe":2,"minecraft:wooden_axe":3,"minecraft:stone_pickaxe":21},"minecraft:killed":{"minecraft:wolf":1,"minecraft:pig":6,"minecraft:squid":1,"minecraft:skeleton":2,"minecraft:sheep":2,"minecraft:zombie":3,"minecraft:drowned":1},"minecraft:custom":{"minecraft:interact_with_furnace":26,"minecraft:mob_kills":17,"minecraft:interact_with_crafting_table":34,"minecraft:leave_game":8,"minecraft:time_since_death":113345,"minecraft:sleep_in_bed":3,"minecraft:time_since_rest":9775,"minecraft:sprint_one_cm":315349,"minecraft:damage_taken":727,"minecraft:walk_one_cm":263705,"minecraft:drop":32,"minecraft:damage_dealt":2112,"minecraft:swim_one_cm":8478,"minecraft:fly_one_cm":263713,"minecraft:player_kills":2,"minecraft:open_chest":25,"minecraft:crouch_one_cm":55256,"minecraft:play_time":134001,"minecraft:deaths":1,"minecraft:sneak_time":23785,"minecraft:walk_under_water_one_cm":10832,"minecraft:jump":1719,"minecraft:walk_on_water_one_cm":9194,"minecraft:total_world_time":134001,"minecraft:fall_one_cm":35069},"minecraft:used":{"minecraft:iron_shovel":681,"minecraft:stone_pickaxe":2828,"minecraft:chest":4,"minecraft:wooden_pickaxe":43,"minecraft:iron_sword":15,"minecraft:torch":43,"minecraft:dirt":51,"minecraft:crafting_table":4,"minecraft:white_bed":1,"minecraft:black_bed":1,"minecraft:oak_log":33,"minecraft:wooden_axe":40,"minecraft:apple":30,"minecraft:iron_axe":30,"minecraft:iron_pickaxe":187,"minecraft:stone_axe":5,"minecraft:cobblestone":9,"minecraft:furnace":2,"minecraft:cooked_porkchop":4,"minecraft:stripped_oak_log":1,"minecraft:cobbled_deepslate":1},"minecraft:mined":{"minecraft:tuff":6,"minecraft:white_bed":1,"minecraft:oak_sapling":15,"minecraft:lily_of_the_valley":3,"minecraft:dandelion":1,"minecraft:granite":2,"minecraft:grass_block":527,"minecraft:cobblestone":1,"minecraft:copper_ore":2,"minecraft:diorite":8,"minecraft:wall_torch":2,"minecraft:birch_sapling":1,"minecraft:tall_seagrass":1,"minecraft:birch_log":1,"minecraft:iron_ore":9,"minecraft:cobbled_deepslate":1,"minecraft:andesite":1,"minecraft:grass":32,"minecraft:coal_ore":46,"minecraft:oak_log":18,"minecraft:gravel":20,"minecraft:dirt":150,"minecraft:stripped_oak_log":5,"minecraft:stone":2201,"minecraft:oak_leaves":29,"minecraft:deepslate":748},"minecraft:crafted":{"minecraft:black_dye":1,"minecraft:oak_planks":68,"minecraft:cooked_porkchop":4,"minecraft:crafting_table":4,"minecraft:wooden_pickaxe":1,"minecraft:iron_helmet":1,"minecraft:iron_sword":1,"minecraft:furnace":2,"minecraft:birch_planks":100,"minecraft:stone_axe":1,"minecraft:air":0,"minecraft:iron_boots":1,"minecraft:iron_chestplate":1,"minecraft:iron_axe":8,"minecraft:stick":180,"minecraft:iron_ingot":100,"minecraft:iron_pickaxe":2,"minecraft:stone_pickaxe":3,"minecraft:wooden_axe":7,"minecraft:iron_block":3,"minecraft:chest":4,"minecraft:black_bed":1,"minecraft:iron_shovel":27,"minecraft:iron_leggings":1,"minecraft:anvil":1,"minecraft:white_bed":1,"minecraft:torch":64},"minecraft:picked_up":{"minecraft:wooden_axe":1,"minecraft:stripped_oak_log":4,"minecraft:birch_log":305,"minecraft:crafting_table":1,"minecraft:oak_log":1913,"minecraft:dirt":242,"minecraft:raw_copper":4,"minecraft:bone":2,"minecraft:apple":155,"minecraft:wheat_seeds":7,"minecraft:cobbled_deepslate":147,"minecraft:iron_ingot":8,"minecraft:stone_pickaxe":9,"minecraft:iron_sword":1,"minecraft:birch_sapling":125,"minecraft:oak_planks":2,"minecraft:stick":633,"minecraft:raw_iron":9,"minecraft:torch":6,"minecraft:porkchop":16,"minecraft:ink_sac":2,"minecraft:diorite":2,"minecraft:white_bed":1,"minecraft:lily_of_the_valley":8,"minecraft:arrow":3,"minecraft:rotten_flesh":6,"minecraft:oak_sapling":896,"minecraft:mutton":8,"minecraft:coal":46,"minecraft:white_wool":5,"minecraft:cobblestone":956}},"DataVersion":3463}