{"stats":{"minecraft:dropped":{"minecraft:iron_ingot":8,"minecraft:iron_sword":1,"minecraft:birch_planks":1,"minecraft:porkchop":8,"minecraft:wheat_seeds":1,"minecraft:oak_log":188,"minecraft:cobbled_deepslate":109,"minecraft:crafting_table":1,"minecraft:birch_sapling":62,"minecraft:rotten_flesh":5,"minecraft:cobblestone":64,"minecraft:oak_planks":2,"minecraft:stripped_oak_log":1,"minecraft:apple":52,"minecraft:lily_of_the_valley":1,"minecraft:stick":10,"minecraft:dirt":1,"minecraft:ink_sac":1,"minecraft:oak_sapling":156,"minecraft:stone_pickaxe":13},"minecraft:killed_by":{"minecraft:player":1},"minecraft:broken":{"minecraft:iron_shovel":28,"minecraft:iron_axe":4,"minecraft:stone_axe":2,"minecraft:iron_pickaxe":3,"minecraft:wooden_axe":3,"minecraft:stone_pickaxe":56},"minecraft:killed":{"minecraft:wolf":1,"minecraft:pig":6,"minecraft:spider":1,"minecraft:squid":1,"minecraft:skeleton":5,"minecraft:sheep":2,"minecraft:zombie":6,"minecraft:drowned":1},"minecraft:custom":{"minecraft:interact_with_furnace":27,"minecraft:mob_kills":24,"minecraft:interact_with_crafting_table":46,"minecraft:leave_game":10,"minecraft:time_since_death":171945,"minecraft:sleep_in_bed":7,"minecraft:time_since_rest":6342,"minecraft:sprint_one_cm":584784,"minecraft:damage_taken":1199,"minecraft:walk_one_cm":700954,"minecraft:drop":38,"minecraft:damage_dealt":3462,"minecraft:swim_one_cm":13394,"minecraft:fly_one_cm":398616,"minecraft:player_kills":2,"minecraft:open_chest":60,"minecraft:crouch_one_cm":62895,"minecraft:play_time":192601,"minecraft:deaths":1,"minecraft:sneak_time":25228,"minecraft:walk_under_water_one_cm":13908,"minecraft:jump":2683,"minecraft:walk_on_water_one_cm":11746,"minecraft:total_world_time":192601,"minecraft:fall_one_cm":54062},"minecraft:used":{"minecraft:iron_shovel":7177,"minecraft:birch_planks":1,"minecraft:stone_pickaxe":7386,"minecraft:chest":9,"minecraft:wooden_pickaxe":43,"minecraft:iron_sword":63,"minecraft:rotten_flesh":1,"minecraft:torch":43,"minecraft:dirt":201,"minecraft:crafting_table":4,"minecraft:white_bed":1,"minecraft:black_bed":1,"minecraft:oak_log":33,"minecraft:wooden_axe":40,"minecraft:apple":61,"minecraft:iron_axe":30,"minecraft:iron_pickaxe":748,"minecraft:stone_axe":5,"minecraft:cobblestone":179,"minecraft:furnace":2,"minecraft:cooked_porkchop":4,"minecraft:stripped_oak_log":1,"minecraft:cobbled_deepslate":1},"minecraft:mined":{"minecraft:tuff":6,"minecraft:white_bed":1,"minecraft:oak_sapling":15,"minecraft:lily_of_the_valley":3,"minecraft:dandelion":1,"minecraft:granite":2,"minecraft:grass_block":4176,"minecraft:chest":1,"minecraft:cobblestone":12,"minecraft:copper_ore":33,"minecraft:lapis_ore":4,"minecraft:diorite":8,"minecraft:wall_torch":2,"minecraft:birch_sapling":1,"minecraft:tall_seagrass":1,"minecraft:birch_log":1,"minecraft:iron_ore":10,"minecraft:cobbled_deepslate":1,"minecraft:andesite":1,"minecraft:grass":51,"minecraft:coal_ore":110,"minecraft:oak_log":19,"minecraft:gravel":185,"minecraft:dirt":3395,"minecraft:stripped_oak_log":5,"minecraft:stone":7155,"minecraft:oak_leaves":29,"minecraft:deepslate":748},"minecraft:crafted":{"minecraft:black_dye":1,"minecraft:oak_planks":100,"minecraft:cooked_porkchop":4,"minecraft:crafting_table":4,"minecraft:wooden_pickaxe":1,"minecraft:iron_helmet":1,"minecraft:iron_sword":1,"minecraft:furnace":2,"minecraft:birch_planks":100,"minecraft:stone_axe":1,"minecraft:air":0,"minecraft:iron_boots":1,"minecraft:iron_chestplate":1,"minecraft:iron_axe":8,"minecraft:stick":180,"minecraft:iron_ingot":100,"minecraft:iron_pickaxe":2,"minecraft:stone_pickaxe":46,"minecraft:wooden_axe":7,"minecraft:iron_block":3,"minecraft:chest":8,"minecraft:black_bed":1,"minecraft:iron_shovel":29,"minecraft:iron_leggings":1,"minecraft:anvil":1,"minecraft:white_bed":1,"minecraft:torch":64},"minecraft:picked_up":{"minecraft:wooden_axe":1,"minecraft:stripped_oak_log":4,"minecraft:birch_log":305,"minecraft:crafting_table":1,"minecraft:birch_planks":1,"minecraft:flint":3,"minecraft:oak_log":1913,"minecraft:lapis_lazuli":24,"minecraft:dirt":2510,"minecraft:raw_copper":41,"minecraft:bone":2,"minecraft:apple":155,"minecraft:bow":1,"minecraft:wheat_seeds":10,"minecraft:cobbled_deepslate":147,"minecraft:iron_ingot":14,"minecraft:stone_pickaxe":11,"minecraft:chest":1,"minecraft:iron_sword":1,"minecraft:birch_sapling":125,"minecraft:oak_planks":2,"minecraft:stick":711,"minecraft:raw_iron":9,"minecraft:torch":6,"minecraft:gravel":9,"minecraft:porkchop":16,"minecraft:ink_sac":2,"minecraft:diorite":2,"minecraft:white_bed":1,"minecraft:lily_of_the_valley":9,"minecraft:arrow":5,"minecraft:rotten_flesh":10,"minecraft:oak_sapling":896,"minecraft:mutton":8,"minecraft:coal":110,"minecraft:white_wool":5,"minecraft:cobblestone":3733}},"DataVersion":3463}